,ts_code,trade_date,open,high,low,close,pre_close,change,pct_chg,vol,amount
542,603138.SH,20210104,14.22,14.68,14.22,14.56,14.27,0.29,2.0322,24200.25,35093.989
541,603138.SH,20210105,14.54,14.64,14.3,14.46,14.56,-0.1,-0.6868,20738.58,29972.717
540,603138.SH,20210106,14.46,14.46,13.82,13.87,14.46,-0.59,-4.0802,22816.96,32028.404
539,603138.SH,20210107,13.87,13.9,13.08,13.23,13.87,-0.64,-4.6143,31716.16,42529.707
538,603138.SH,20210108,13.22,13.74,12.96,13.34,13.23,0.11,0.8314,22082.09,29499.442
537,603138.SH,20210111,13.3,13.62,13.08,13.13,13.34,-0.21,-1.5742,15878.51,21108.481
536,603138.SH,20210112,13.17,13.33,12.81,12.98,13.13,-0.15,-1.1424,21044.0,27399.937
535,603138.SH,20210113,12.94,13.04,12.2,12.44,12.98,-0.54,-4.1602,33197.05,41442.125
534,603138.SH,20210114,12.4,13.23,12.2,13.09,12.44,0.65,5.2251,41162.54,52893.24
533,603138.SH,20210115,13.07,13.66,13.0,13.27,13.09,0.18,1.3751,31031.9,41332.32
532,603138.SH,20210118,13.24,13.5,13.13,13.32,13.27,0.05,0.3768,18417.18,24595.346
531,603138.SH,20210119,13.36,13.57,13.33,13.45,13.32,0.13,0.976,22859.57,30780.744
530,603138.SH,20210120,13.29,13.44,13.1,13.25,13.45,-0.2,-1.487,18603.17,24667.652
529,603138.SH,20210121,13.33,13.5,13.16,13.34,13.25,0.09,0.6792,17090.26,22797.384
528,603138.SH,20210122,13.35,13.39,12.78,12.93,13.34,-0.41,-3.0735,20406.69,26448.325
527,603138.SH,20210125,12.99,13.03,12.59,12.7,12.93,-0.23,-1.7788,15636.72,19895.662
526,603138.SH,20210126,12.53,12.95,12.42,12.63,12.7,-0.07,-0.5512,11664.31,14825.527
525,603138.SH,20210127,12.62,12.93,12.47,12.83,12.63,0.2,1.5835,14254.07,18143.963
524,603138.SH,20210128,12.7,12.95,12.39,12.47,12.83,-0.36,-2.8059,15303.09,19371.042
523,603138.SH,20210129,12.47,12.65,11.87,12.02,12.47,-0.45,-3.6087,20906.09,25393.209
522,603138.SH,20210201,12.07,12.46,12.0,12.3,12.02,0.28,2.3295,16038.79,19605.75
521,603138.SH,20210202,12.29,12.48,12.1,12.39,12.3,0.09,0.7317,14242.07,17571.506
520,603138.SH,20210203,12.4,12.43,11.96,11.96,12.39,-0.43,-3.4705,12875.44,15583.154
519,603138.SH,20210204,11.99,11.99,11.32,11.57,11.96,-0.39,-3.2609,19550.08,22580.906
518,603138.SH,20210205,11.55,11.79,11.11,11.24,11.57,-0.33,-2.8522,15668.33,17925.381
517,603138.SH,20210208,11.22,11.29,10.89,11.01,11.24,-0.23,-2.0463,15330.25,16971.703
516,603138.SH,20210209,11.06,11.41,10.98,11.36,11.01,0.35,3.1789,16194.84,18179.698
515,603138.SH,20210210,11.4,11.75,11.32,11.72,11.36,0.36,3.169,15633.42,18150.977
514,603138.SH,20210218,11.78,12.3,11.78,12.19,11.72,0.47,4.0102,20411.6,24840.061
513,603138.SH,20210219,12.25,12.66,12.08,12.63,12.19,0.44,3.6095,21675.03,27021.042
512,603138.SH,20210222,12.66,13.06,12.64,12.85,12.63,0.22,1.7419,27998.25,36089.79
511,603138.SH,20210223,12.85,12.88,12.55,12.64,12.85,-0.21,-1.6342,18457.15,23397.829
510,603138.SH,20210224,12.6,12.91,12.55,12.73,12.64,0.09,0.712,17318.7,22088.742
509,603138.SH,20210225,12.8,12.84,12.29,12.34,12.73,-0.39,-3.0636,17297.31,21609.417
508,603138.SH,20210226,12.28,12.74,12.25,12.66,12.34,0.32,2.5932,22977.57,28902.415
507,603138.SH,20210301,12.64,12.89,12.63,12.84,12.66,0.18,1.4218,18802.3,24068.257
506,603138.SH,20210302,12.84,12.9,12.59,12.63,12.84,-0.21,-1.6355,16667.58,21145.722
505,603138.SH,20210303,12.66,12.75,12.4,12.6,12.63,-0.03,-0.2375,19178.34,24118.464
504,603138.SH,20210304,12.62,12.7,12.36,12.37,12.6,-0.23,-1.8254,17353.83,21734.118
503,603138.SH,20210305,12.35,12.84,12.32,12.82,12.37,0.45,3.6378,27478.79,34837.379
502,603138.SH,20210308,12.75,13.14,12.71,12.73,12.82,-0.09,-0.702,25878.27,33446.117
501,603138.SH,20210309,12.72,12.89,12.13,12.25,12.73,-0.48,-3.7706,22192.0,27600.621
500,603138.SH,20210310,12.33,12.46,11.64,11.65,12.25,-0.6,-4.898,24397.35,28971.826
499,603138.SH,20210311,11.7,12.06,11.3,11.96,11.65,0.31,2.6609,15954.31,18778.412
498,603138.SH,20210312,11.96,11.98,11.68,11.83,11.96,-0.13,-1.087,15456.36,18249.642
497,603138.SH,20210315,11.3,11.45,11.12,11.23,11.83,-0.6,-5.0719,26582.2,29880.57
496,603138.SH,20210316,11.18,11.62,11.17,11.59,11.23,0.36,3.2057,18772.08,21452.72
495,603138.SH,20210317,11.83,12.16,11.76,11.82,11.59,0.23,1.9845,22271.35,26478.109
494,603138.SH,20210318,11.61,11.88,11.4,11.42,11.82,-0.4,-3.3841,20200.5,23374.702
493,603138.SH,20210319,11.4,11.65,11.26,11.48,11.42,0.06,0.5254,14545.65,16761.5
492,603138.SH,20210322,11.55,11.71,11.42,11.64,11.48,0.16,1.3937,12070.81,13946.857
491,603138.SH,20210323,11.76,11.88,11.5,11.77,11.64,0.13,1.1168,16840.7,19636.278
490,603138.SH,20210324,11.72,11.99,11.62,11.85,11.77,0.08,0.6797,19089.17,22536.638
489,603138.SH,20210325,11.82,12.07,11.54,11.75,11.85,-0.1,-0.8439,20217.37,23928.391
488,603138.SH,20210326,11.83,11.85,11.67,11.78,11.75,0.03,0.2553,11910.21,14015.15
487,603138.SH,20210329,11.78,11.83,11.45,11.51,11.78,-0.27,-2.292,16419.74,19018.585
486,603138.SH,20210330,11.49,11.53,11.18,11.21,11.51,-0.3,-2.6064,18097.39,20369.449
485,603138.SH,20210331,11.21,11.45,11.21,11.35,11.21,0.14,1.2489,11030.52,12488.665
484,603138.SH,20210401,11.44,11.45,11.24,11.25,11.35,-0.1,-0.8811,8813.4,9952.046
483,603138.SH,20210402,11.26,11.41,11.25,11.34,11.25,0.09,0.8,9827.66,11128.356
482,603138.SH,20210406,11.39,11.89,11.39,11.87,11.34,0.53,4.6737,28244.53,33040.082
481,603138.SH,20210407,11.87,11.87,11.7,11.78,11.87,-0.09,-0.7582,14855.54,17483.077
480,603138.SH,20210408,11.77,11.85,11.59,11.61,11.78,-0.17,-1.4431,13212.35,15431.312
479,603138.SH,20210409,11.66,11.68,11.48,11.62,11.61,0.01,0.0861,10141.43,11740.282
478,603138.SH,20210412,11.61,11.62,11.26,11.32,11.62,-0.3,-2.5818,14071.72,16052.249
477,603138.SH,20210413,11.32,11.46,11.16,11.2,11.32,-0.12,-1.0601,12137.0,13661.189
476,603138.SH,20210414,11.25,11.42,11.08,11.36,11.2,0.16,1.4286,10896.73,12291.794
475,603138.SH,20210415,11.36,11.46,11.2,11.35,11.36,-0.01,-0.088,12209.03,13848.851
474,603138.SH,20210416,11.35,11.73,11.29,11.67,11.35,0.32,2.8194,18274.64,21197.313
473,603138.SH,20210419,11.69,11.94,11.68,11.91,11.67,0.24,2.0566,21771.8,25828.064
472,603138.SH,20210420,11.96,12.04,11.74,11.76,11.91,-0.15,-1.2594,21374.86,25430.722
471,603138.SH,20210421,11.71,11.86,11.63,11.68,11.76,-0.08,-0.6803,14542.45,17052.515
470,603138.SH,20210422,11.61,11.95,11.61,11.84,11.68,0.16,1.3699,24635.92,29048.155
469,603138.SH,20210423,11.75,11.84,11.31,11.37,11.84,-0.47,-3.9696,31838.06,36703.36
468,603138.SH,20210426,11.4,11.43,11.01,11.18,11.37,-0.19,-1.6711,33601.7,37697.519
467,603138.SH,20210427,11.16,11.18,10.73,10.78,11.18,-0.4,-3.5778,36867.45,40193.576
466,603138.SH,20210428,10.82,10.99,10.51,10.58,10.78,-0.2,-1.8553,27431.68,29098.489
465,603138.SH,20210429,10.58,10.71,10.47,10.54,10.58,-0.04,-0.3781,28215.5,29802.081
464,603138.SH,20210430,10.54,10.54,10.11,10.24,10.54,-0.3,-2.8463,27116.72,27834.727
463,603138.SH,20210506,10.42,10.49,10.27,10.31,10.24,0.07,0.6836,14843.47,15365.769
462,603138.SH,20210507,10.46,10.46,10.2,10.36,10.31,0.05,0.485,16229.14,16719.502
461,603138.SH,20210510,10.36,10.47,10.29,10.34,10.36,-0.02,-0.1931,16528.8,17137.19
460,603138.SH,20210511,10.35,10.55,10.26,10.52,10.34,0.18,1.7408,20230.62,21121.744
459,603138.SH,20210512,10.49,10.61,10.3,10.59,10.52,0.07,0.6654,16455.42,17268.227
458,603138.SH,20210513,10.46,10.7,10.42,10.43,10.59,-0.16,-1.5109,16949.58,17872.672
457,603138.SH,20210514,10.42,10.76,10.4,10.7,10.43,0.27,2.5887,23862.74,25367.341
456,603138.SH,20210517,10.89,10.9,10.41,10.45,10.7,-0.25,-2.3364,26864.15,28233.729
455,603138.SH,20210518,10.45,10.62,10.32,10.48,10.45,0.03,0.2871,16712.94,17490.744
454,603138.SH,20210519,10.41,10.53,10.35,10.36,10.48,-0.12,-1.145,13865.94,14419.053
453,603138.SH,20210520,10.37,10.61,10.27,10.57,10.36,0.21,2.027,19420.17,20258.819
452,603138.SH,20210521,10.54,10.65,10.47,10.54,10.55,-0.01,-0.0948,16412.22,17347.926
451,603138.SH,20210524,10.55,10.89,10.42,10.85,10.54,0.31,2.9412,35336.32,37816.654
450,603138.SH,20210525,10.84,10.84,10.65,10.69,10.85,-0.16,-1.4747,30107.28,32237.187
449,603138.SH,20210526,10.69,11.76,10.66,11.76,10.69,1.07,10.0094,56249.23,64763.321
448,603138.SH,20210527,12.13,12.72,11.91,12.35,11.76,0.59,5.017,170740.11,209633.18
447,603138.SH,20210528,11.92,12.83,11.92,12.66,12.35,0.31,2.5101,128026.84,158771.56
446,603138.SH,20210531,12.66,13.24,12.44,13.21,12.66,0.55,4.3444,135193.37,174126.719
445,603138.SH,20210601,13.17,13.19,12.85,13.04,13.21,-0.17,-1.2869,78925.65,102714.987
444,603138.SH,20210602,12.95,13.18,12.67,13.02,13.04,-0.02,-0.1534,69390.0,89411.957
443,603138.SH,20210603,12.91,12.99,12.62,12.63,13.02,-0.39,-2.9954,46799.98,59817.091
442,603138.SH,20210604,12.63,12.91,12.5,12.83,12.63,0.2,1.5835,40515.49,51589.758
441,603138.SH,20210607,12.94,13.77,12.73,13.59,12.83,0.76,5.9236,92994.54,123398.02
440,603138.SH,20210608,13.61,13.68,13.05,13.1,13.59,-0.49,-3.6056,62774.79,83312.149
439,603138.SH,20210609,13.03,13.3,12.81,12.97,13.1,-0.13,-0.9924,41050.19,53452.906
438,603138.SH,20210610,12.91,13.38,12.89,13.18,12.97,0.21,1.6191,46924.5,61823.132
437,603138.SH,20210611,13.18,13.68,12.9,13.26,13.18,0.08,0.607,68692.92,91974.246
436,603138.SH,20210615,13.31,13.38,11.93,12.76,13.26,-0.5,-3.7707,62496.01,79208.61
435,603138.SH,20210616,12.81,14.04,12.81,14.04,12.76,1.28,10.0313,57252.25,79700.229
434,603138.SH,20210617,14.22,14.84,13.63,14.46,14.04,0.42,2.9915,153090.14,216803.129
433,603138.SH,20210618,14.08,14.72,13.9,14.39,14.46,-0.07,-0.4841,84009.03,120224.058
432,603138.SH,20210621,14.42,14.72,14.13,14.62,14.39,0.23,1.5983,70138.88,101476.194
431,603138.SH,20210622,14.6,14.73,14.06,14.1,14.62,-0.52,-3.5568,64284.17,91911.549
430,603138.SH,20210623,14.06,14.33,13.82,14.21,14.1,0.11,0.7801,49093.72,69190.374
429,603138.SH,20210624,14.21,14.29,13.49,13.54,14.21,-0.67,-4.715,53336.41,73193.226
428,603138.SH,20210625,13.54,13.7,13.03,13.11,13.54,-0.43,-3.1758,48899.25,64656.832
427,603138.SH,20210628,13.18,13.97,13.12,13.71,13.11,0.6,4.5767,58721.65,80286.224
426,603138.SH,20210629,13.69,13.72,13.24,13.31,13.71,-0.4,-2.9176,29327.76,39300.298
425,603138.SH,20210630,13.31,13.76,13.31,13.48,13.31,0.17,1.2772,36032.5,48996.63
424,603138.SH,20210701,13.41,13.45,12.97,12.97,13.48,-0.51,-3.7834,38399.2,50500.048
423,603138.SH,20210702,13.04,13.14,12.69,12.77,12.97,-0.2,-1.542,23328.46,30010.223
422,603138.SH,20210705,12.73,12.95,12.62,12.92,12.77,0.15,1.1746,18604.24,23889.94
421,603138.SH,20210706,12.92,13.15,12.78,13.08,12.92,0.16,1.2384,21784.79,28275.669
420,603138.SH,20210707,13.07,13.2,12.93,13.11,13.08,0.03,0.2294,19969.84,26001.318
419,603138.SH,20210708,13.12,13.12,12.7,12.74,13.11,-0.37,-2.8223,23966.17,30776.621
418,603138.SH,20210709,12.63,12.89,12.57,12.84,12.74,0.1,0.7849,18155.67,23199.778
417,603138.SH,20210712,13.07,13.4,13.0,13.2,12.84,0.36,2.8037,40005.49,52843.373
416,603138.SH,20210713,13.2,14.09,13.2,13.92,13.2,0.72,5.4545,74924.19,102932.686
415,603138.SH,20210714,13.82,14.39,13.55,13.77,13.92,-0.15,-1.0776,64681.89,90341.935
414,603138.SH,20210715,13.65,13.89,13.4,13.5,13.77,-0.27,-1.9608,49109.07,66682.512
413,603138.SH,20210716,13.41,14.05,13.4,13.76,13.5,0.26,1.9259,56905.96,78938.515
412,603138.SH,20210719,13.75,13.9,13.31,13.88,13.76,0.12,0.8721,43403.56,59089.408
411,603138.SH,20210720,13.73,14.02,13.55,13.9,13.88,0.02,0.1441,37636.8,52089.671
410,603138.SH,20210721,13.98,14.3,13.82,13.83,13.9,-0.07,-0.5036,42838.73,59911.942
409,603138.SH,20210722,13.9,14.0,13.44,13.48,13.83,-0.35,-2.5307,40559.19,55211.746
408,603138.SH,20210723,13.35,13.4,12.6,12.65,13.48,-0.83,-6.1573,67620.14,86547.412
407,603138.SH,20210726,12.6,12.68,12.01,12.3,12.65,-0.35,-2.7668,34813.21,42682.726
406,603138.SH,20210727,12.32,12.45,12.05,12.12,12.3,-0.18,-1.4634,28280.07,34635.414
405,603138.SH,20210728,12.09,12.3,11.37,11.42,12.12,-0.7,-5.7756,30893.62,35881.845
404,603138.SH,20210729,11.45,11.81,11.45,11.6,11.42,0.18,1.5762,21310.31,24825.969
403,603138.SH,20210730,11.65,11.74,11.32,11.69,11.6,0.09,0.7759,21180.12,24447.352
402,603138.SH,20210802,11.6,12.03,11.53,11.98,11.69,0.29,2.4808,23268.36,27544.248
401,603138.SH,20210803,11.98,12.26,11.9,12.19,11.98,0.21,1.7529,28431.51,34495.999
400,603138.SH,20210804,12.19,13.41,12.02,13.08,12.19,0.89,7.3011,72485.01,93077.724
399,603138.SH,20210805,12.7,12.83,12.54,12.69,13.08,-0.39,-2.9817,38657.1,49122.394
398,603138.SH,20210806,12.58,12.69,12.36,12.51,12.69,-0.18,-1.4184,21940.77,27380.889
397,603138.SH,20210809,12.46,13.45,12.38,13.3,12.51,0.79,6.3149,69933.6,91848.639
396,603138.SH,20210810,13.15,13.61,13.15,13.42,13.3,0.12,0.9023,49705.94,66705.713
395,603138.SH,20210811,13.3,13.4,13.05,13.13,13.42,-0.29,-2.161,32178.69,42298.02
394,603138.SH,20210812,13.3,13.3,13.04,13.14,13.13,0.01,0.0762,22004.27,28932.477
393,603138.SH,20210813,13.0,13.01,12.69,12.82,13.14,-0.32,-2.4353,32863.55,42056.571
392,603138.SH,20210816,12.8,14.02,12.71,13.36,12.82,0.54,4.2122,87967.33,119775.72
391,603138.SH,20210817,13.36,13.49,12.76,12.76,13.36,-0.6,-4.491,47206.2,61843.494
390,603138.SH,20210818,12.74,12.9,12.6,12.71,12.76,-0.05,-0.3918,25240.83,32117.683
389,603138.SH,20210819,12.69,12.82,12.38,12.4,12.71,-0.31,-2.439,32307.4,40586.998
388,603138.SH,20210820,12.35,12.5,11.95,12.23,12.4,-0.17,-1.371,26171.14,31802.504
387,603138.SH,20210823,12.02,13.45,12.02,13.23,12.23,1.0,8.1766,83037.37,108197.621
386,603138.SH,20210824,13.27,13.47,13.07,13.3,13.23,0.07,0.5291,49769.36,66272.506
385,603138.SH,20210825,13.55,13.55,13.01,13.13,13.3,-0.17,-1.2782,25403.4,33422.651
384,603138.SH,20210826,13.17,13.18,12.81,12.81,13.13,-0.32,-2.4372,24259.11,31368.893
383,603138.SH,20210827,12.82,13.5,12.68,13.37,12.81,0.56,4.3716,63938.36,83824.329
382,603138.SH,20210830,13.58,13.93,12.93,13.16,13.37,-0.21,-1.5707,61806.61,82338.648
381,603138.SH,20210831,13.0,13.56,12.97,13.21,13.16,0.05,0.3799,44424.54,59140.664
380,603138.SH,20210901,13.25,13.42,12.8,13.32,13.21,0.11,0.8327,43323.97,56978.91
379,603138.SH,20210902,13.29,13.34,13.07,13.28,13.32,-0.04,-0.3003,26768.94,35316.633
378,603138.SH,20210903,13.73,13.85,13.3,13.39,13.28,0.11,0.8283,45883.37,62020.786
377,603138.SH,20210906,13.43,13.67,13.11,13.5,13.39,0.11,0.8215,45839.56,61469.89
376,603138.SH,20210907,13.41,13.75,13.4,13.54,13.5,0.04,0.2963,38217.23,51882.373
375,603138.SH,20210908,13.58,13.65,13.3,13.37,13.54,-0.17,-1.2555,35552.39,47715.083
374,603138.SH,20210909,13.36,13.53,13.09,13.39,13.37,0.02,0.1496,38173.44,50707.052
373,603138.SH,20210910,13.3,13.37,12.84,12.84,13.39,-0.55,-4.1075,48627.93,63267.944
372,603138.SH,20210913,12.86,13.06,12.7,12.85,12.84,0.01,0.0779,21075.03,27055.48
371,603138.SH,20210914,12.85,13.3,12.78,12.94,12.85,0.09,0.7004,36995.55,48403.586
370,603138.SH,20210915,12.88,12.93,12.53,12.6,12.94,-0.34,-2.6275,26252.93,33203.854
369,603138.SH,20210916,12.6,12.72,12.38,12.4,12.6,-0.2,-1.5873,22395.37,28036.152
368,603138.SH,20210917,12.54,12.67,12.32,12.55,12.4,0.15,1.2097,16510.16,20660.485
367,603138.SH,20210922,12.54,12.75,12.43,12.65,12.55,0.1,0.7968,15820.2,19917.335
366,603138.SH,20210923,12.61,12.94,12.6,12.81,12.65,0.16,1.2648,19472.25,24931.805
365,603138.SH,20210924,12.79,12.99,12.63,12.82,12.81,0.01,0.0781,22233.03,28471.57
364,603138.SH,20210927,13.29,14.1,13.08,14.1,12.82,1.28,9.9844,137154.62,192204.867
363,603138.SH,20210928,14.4,15.51,14.4,15.51,14.1,1.41,10.0,127966.98,192479.018
362,603138.SH,20210929,15.51,16.44,14.52,14.79,15.51,-0.72,-4.6422,211033.49,321048.174
361,603138.SH,20210930,14.63,15.99,14.63,15.51,14.79,0.72,4.8682,155461.89,236313.953
360,603138.SH,20211008,16.23,16.23,14.99,15.69,15.51,0.18,1.1605,132046.73,208550.52
359,603138.SH,20211011,15.23,16.45,14.88,16.45,15.69,0.76,4.8438,136059.42,215012.031
358,603138.SH,20211012,16.02,16.1,14.87,15.46,16.45,-0.99,-6.0182,115555.69,177176.335
357,603138.SH,20211013,15.41,15.45,13.91,13.91,15.46,-1.55,-10.0259,121126.51,171799.576
356,603138.SH,20211014,13.51,14.7,13.09,14.21,13.91,0.3,2.1567,108747.9,150519.461
355,603138.SH,20211015,14.66,15.63,14.26,14.96,14.21,0.75,5.278,187713.37,285873.677
354,603138.SH,20211018,14.78,15.6,14.28,15.29,14.96,0.33,2.2059,146367.46,220073.93
353,603138.SH,20211019,15.44,16.82,15.22,16.82,15.29,1.53,10.0065,113992.18,187348.339
352,603138.SH,20211020,18.5,18.5,16.19,16.38,16.82,-0.44,-2.6159,309835.6,533476.134
351,603138.SH,20211021,16.27,16.98,15.68,16.43,16.38,0.05,0.3053,187504.48,305954.204
350,603138.SH,20211022,16.35,18.07,16.06,18.07,16.43,1.64,9.9817,271687.06,477993.487
349,603138.SH,20211025,19.29,19.79,17.4,19.1,18.07,1.03,5.7001,373131.98,687339.799
348,603138.SH,20211026,18.3,18.48,17.42,17.51,19.1,-1.59,-8.3246,187908.18,337247.303
347,603138.SH,20211027,17.63,17.79,16.55,16.72,17.51,-0.79,-4.5117,119674.39,203133.721
346,603138.SH,20211028,16.39,18.12,16.06,17.75,16.72,1.03,6.1603,199447.46,343577.772
345,603138.SH,20211029,17.35,17.93,16.7,17.25,17.75,-0.5,-2.8169,122211.15,211240.144
344,603138.SH,20211101,16.75,17.58,15.53,17.29,17.25,0.04,0.2319,138568.72,229700.977
343,603138.SH,20211102,16.99,18.78,16.5,17.82,17.29,0.53,3.0654,173473.63,307306.725
342,603138.SH,20211103,17.64,19.18,17.51,18.8,17.82,0.98,5.4994,194615.75,359976.694
341,603138.SH,20211104,18.35,19.18,18.07,18.1,18.8,-0.7,-3.7234,133760.13,247334.233
340,603138.SH,20211105,18.18,18.73,17.38,17.7,18.1,-0.4,-2.2099,118177.49,212490.658
339,603138.SH,20211108,17.5,17.77,17.0,17.36,17.7,-0.34,-1.9209,73970.08,127793.123
338,603138.SH,20211109,17.38,17.6,16.2,17.0,17.36,-0.36,-2.0737,112783.39,190196.153
337,603138.SH,20211110,16.54,16.98,16.41,16.77,17.0,-0.23,-1.3529,62837.8,104753.966
336,603138.SH,20211111,16.7,16.7,15.54,16.19,16.77,-0.58,-3.4586,144371.65,229821.259
335,603138.SH,20211112,15.9,17.66,15.78,17.01,16.19,0.82,5.0649,149802.37,249418.19
334,603138.SH,20211115,16.98,18.71,16.7,18.71,17.01,1.7,9.9941,232598.48,413142.611
333,603138.SH,20211116,18.31,18.86,17.81,18.15,18.71,-0.56,-2.9931,152259.98,278722.057
332,603138.SH,20211117,18.26,19.97,18.1,19.97,18.15,1.82,10.0275,179038.09,349856.471
331,603138.SH,20211118,20.46,20.54,18.77,19.48,19.97,-0.49,-2.4537,232548.96,452274.027
330,603138.SH,20211119,19.5,20.5,18.92,19.48,19.48,0.0,0.0,156860.42,308315.16
329,603138.SH,20211122,19.46,19.6,18.77,19.06,19.48,-0.42,-2.1561,111259.73,212158.102
328,603138.SH,20211123,19.15,19.31,18.42,19.11,19.06,0.05,0.2623,92670.52,174596.786
327,603138.SH,20211124,19.18,19.23,18.29,18.51,19.11,-0.6,-3.1397,86621.21,161583.825
326,603138.SH,20211125,18.44,19.45,18.44,18.81,18.51,0.3,1.6207,89257.45,168613.471
325,603138.SH,20211126,18.7,19.03,18.21,18.53,18.81,-0.28,-1.4886,70390.45,130780.318
324,603138.SH,20211129,18.0,18.77,17.68,18.13,18.53,-0.4,-2.1587,69417.71,126965.895
323,603138.SH,20211130,18.2,19.5,18.04,18.71,18.13,0.58,3.1991,117433.48,220082.065
322,603138.SH,20211201,18.67,19.15,18.2,18.32,18.71,-0.39,-2.0844,79070.48,146951.375
321,603138.SH,20211202,18.21,18.28,16.97,16.98,18.32,-1.34,-7.3144,105633.68,183720.99
320,603138.SH,20211203,17.13,17.25,16.55,16.66,16.98,-0.32,-1.8846,67851.33,113893.669
319,603138.SH,20211206,16.65,16.86,16.29,16.6,16.66,-0.06,-0.3601,62688.51,104174.359
318,603138.SH,20211207,16.7,16.7,15.62,15.78,16.6,-0.82,-4.9398,75776.21,121346.413
317,603138.SH,20211208,15.79,16.28,15.57,16.2,15.78,0.42,2.6616,72807.1,117013.854
316,603138.SH,20211209,16.16,16.29,15.91,15.97,16.2,-0.23,-1.4198,45148.42,72411.573
315,603138.SH,20211210,15.97,16.09,15.61,16.06,15.97,0.09,0.5636,66356.84,105003.207
314,603138.SH,20211213,16.06,16.72,15.71,16.59,16.06,0.53,3.3001,93327.73,152278.18
313,603138.SH,20211214,16.59,17.1,16.41,16.6,16.59,0.01,0.0603,60298.73,100570.636
312,603138.SH,20211215,16.44,16.73,16.16,16.18,16.6,-0.42,-2.5301,52415.24,86008.056
311,603138.SH,20211216,16.17,16.93,15.93,16.6,16.18,0.42,2.5958,67386.69,110980.283
310,603138.SH,20211217,16.62,17.26,16.47,17.08,16.6,0.48,2.8916,113536.15,192933.784
309,603138.SH,20211220,16.73,16.95,15.5,15.6,17.08,-1.48,-8.6651,103712.03,165952.401
308,603138.SH,20211221,15.52,15.75,15.29,15.63,15.6,0.03,0.1923,41890.36,65251.441
307,603138.SH,20211222,15.63,16.14,15.51,16.01,15.63,0.38,2.4312,42750.67,68182.994
306,603138.SH,20211223,15.98,16.09,15.58,15.62,16.01,-0.39,-2.436,41128.63,64810.462
305,603138.SH,20211224,15.6,15.89,15.0,15.0,15.62,-0.62,-3.9693,57458.21,87556.474
304,603138.SH,20211227,14.89,15.6,14.6,15.39,15.0,0.39,2.6,57271.44,86121.651
303,603138.SH,20211228,15.38,16.2,15.24,15.8,15.39,0.41,2.6641,88283.11,140049.861
302,603138.SH,20211229,15.8,15.9,15.35,15.78,15.8,-0.02,-0.1266,49321.61,77366.545
301,603138.SH,20211230,15.85,16.25,15.69,15.8,15.78,0.02,0.1267,48554.98,77450.533
300,603138.SH,20211231,15.8,15.97,15.62,15.89,15.8,0.09,0.5696,35757.0,56474.659
299,603138.SH,20220104,15.78,16.88,15.77,16.62,15.89,0.73,4.5941,101205.48,167003.602
298,603138.SH,20220105,16.54,18.08,16.54,17.14,16.62,0.52,3.1288,125851.12,219072.375
297,603138.SH,20220106,16.93,17.95,16.93,17.56,17.14,0.42,2.4504,103270.73,181048.819
296,603138.SH,20220107,17.66,19.32,17.66,19.32,17.56,1.76,10.0228,309829.89,592102.424
295,603138.SH,20220110,19.5,21.25,19.5,21.25,19.32,1.93,9.9896,249415.3,522425.931
294,603138.SH,20220111,20.7,23.38,20.19,21.8,21.25,0.55,2.5882,414246.33,913169.648
293,603138.SH,20220112,21.68,22.25,20.87,22.01,21.8,0.21,0.9633,232200.02,502691.153
292,603138.SH,20220113,22.3,23.61,20.95,21.11,22.01,-0.9,-4.0891,216136.85,470671.005
291,603138.SH,20220114,21.11,21.27,20.19,20.45,21.11,-0.66,-3.1265,169095.46,349220.962
290,603138.SH,20220117,21.21,22.5,21.14,22.5,20.45,2.05,10.0244,42922.99,94776.235
289,603138.SH,20220118,24.75,24.75,24.75,24.75,22.5,2.25,10.0,54748.01,135501.325
288,603138.SH,20220119,24.78,27.23,24.21,27.23,24.75,2.48,10.0202,205887.93,542908.353
287,603138.SH,20220120,27.59,29.95,25.9,29.95,27.23,2.72,9.989,217595.07,619359.921
286,603138.SH,20220121,29.94,32.05,26.96,27.88,29.95,-2.07,-6.9115,485910.23,1451523.862
285,603138.SH,20220124,26.89,30.67,26.89,29.73,27.88,1.85,6.6356,335190.0,991842.751
284,603138.SH,20220125,28.5,31.38,28.13,28.46,29.73,-1.27,-4.2718,292624.56,856490.693
283,603138.SH,20220126,29.0,29.5,26.3,28.48,28.46,0.02,0.0703,245666.69,677719.063
282,603138.SH,20220127,27.04,28.66,25.63,25.63,28.48,-2.85,-10.007,135138.84,359323.571
281,603138.SH,20220128,24.35,26.68,23.2,25.15,25.63,-0.48,-1.8728,209111.82,521252.196
280,603138.SH,20220207,25.9,26.17,23.58,23.76,25.15,-1.39,-5.5268,162505.85,401849.521
279,603138.SH,20220208,24.5,24.63,22.75,24.35,23.76,0.59,2.4832,179353.36,424095.958
278,603138.SH,20220209,24.13,26.79,24.13,26.79,24.35,2.44,10.0205,190409.57,491890.046
277,603138.SH,20220210,27.0,27.49,25.0,26.6,26.79,-0.19,-0.7092,236488.68,622541.304
276,603138.SH,20220211,26.0,26.62,23.94,24.55,26.6,-2.05,-7.7068,196038.57,501753.272
275,603138.SH,20220214,24.5,24.94,23.2,24.13,24.55,-0.42,-1.7108,143546.56,345664.503
274,603138.SH,20220215,23.78,24.42,23.2,23.5,24.13,-0.63,-2.6109,121597.14,288670.745
273,603138.SH,20220216,24.14,24.91,22.44,22.84,23.5,-0.66,-2.8085,216416.6,503497.134
272,603138.SH,20220217,22.76,22.81,21.77,22.35,22.84,-0.49,-2.1454,120224.77,268727.97
271,603138.SH,20220218,23.5,23.96,22.16,22.62,22.35,0.27,1.2081,245877.27,562747.568
270,603138.SH,20220221,23.5,24.88,23.08,24.88,22.62,2.26,9.9912,204846.39,501328.232
269,603138.SH,20220222,24.8,26.98,24.0,25.51,24.88,0.63,2.5322,382405.33,968256.848
268,603138.SH,20220223,25.79,25.79,23.7,23.9,25.51,-1.61,-6.3113,295404.91,728929.978
267,603138.SH,20220224,23.01,23.58,21.51,21.51,23.9,-2.39,-10.0,229500.6,513478.423
266,603138.SH,20220225,21.22,22.23,20.59,22.02,21.51,0.51,2.371,241201.21,522084.741
265,603138.SH,20220228,22.02,22.5,21.39,22.2,22.02,0.18,0.8174,133781.51,293053.436
264,603138.SH,20220301,22.48,22.48,21.55,21.69,22.2,-0.51,-2.2973,93243.59,203496.812
263,603138.SH,20220302,21.69,21.77,21.13,21.38,21.69,-0.31,-1.4292,69069.08,147534.312
262,603138.SH,20220303,21.38,21.85,19.89,20.49,21.38,-0.89,-4.1628,158236.57,325971.966
261,603138.SH,20220304,20.5,20.5,19.5,19.59,20.49,-0.9,-4.3924,121581.36,241255.17
260,603138.SH,20220307,19.58,19.66,18.6,18.91,19.59,-0.68,-3.4712,124297.89,236222.317
259,603138.SH,20220308,19.02,19.8,18.53,18.8,18.91,-0.11,-0.5817,154415.03,295464.503
258,603138.SH,20220309,18.79,19.1,17.47,18.95,18.8,0.15,0.7979,142515.91,262139.764
257,603138.SH,20220310,19.31,19.5,18.45,18.58,18.95,-0.37,-1.9525,121974.78,229467.074
256,603138.SH,20220311,17.98,18.75,17.88,18.67,18.58,0.09,0.4844,103138.2,189274.518
255,603138.SH,20220314,18.18,18.82,18.0,18.0,18.67,-0.67,-3.5886,93841.26,172497.905
254,603138.SH,20220315,18.0,18.41,17.31,17.37,18.0,-0.63,-3.5,104813.44,189018.539
253,603138.SH,20220316,17.59,18.4,17.1,18.09,17.37,0.72,4.1451,112244.06,199222.052
252,603138.SH,20220317,18.43,19.9,18.15,19.9,18.09,1.81,10.0055,156141.02,299272.62
251,603138.SH,20220318,19.98,20.14,18.9,19.34,19.9,-0.56,-2.8141,160561.5,311152.426
250,603138.SH,20220321,19.16,19.53,18.97,19.37,19.34,0.03,0.1551,90831.51,174676.698
249,603138.SH,20220322,19.02,19.84,18.88,19.28,19.37,-0.09,-0.4646,103835.88,201470.885
248,603138.SH,20220323,19.23,19.62,19.04,19.35,19.28,0.07,0.3631,78257.28,151111.406
247,603138.SH,20220324,19.14,19.28,17.93,18.3,19.35,-1.05,-5.4264,122480.04,224743.021
246,603138.SH,20220325,18.54,18.86,17.91,18.04,18.3,-0.26,-1.4208,99658.62,184333.421
245,603138.SH,20220328,17.74,18.45,17.56,18.0,18.04,-0.04,-0.2217,83281.6,150186.748
244,603138.SH,20220329,17.96,18.12,17.3,17.55,18.0,-0.45,-2.5,71386.8,125449.577
243,603138.SH,20220330,17.7,17.76,17.26,17.55,17.55,0.0,0.0,71451.01,125166.395
242,603138.SH,20220331,17.52,17.81,17.19,17.7,17.55,0.15,0.8547,80790.84,141522.147
241,603138.SH,20220401,17.48,18.25,17.03,17.72,17.7,0.02,0.113,122167.9,216634.195
240,603138.SH,20220406,17.72,18.12,17.41,18.08,17.72,0.36,2.0316,99022.51,176241.335
239,603138.SH,20220407,17.97,18.54,16.68,16.99,18.08,-1.09,-6.0288,181602.58,322680.482
238,603138.SH,20220408,17.08,17.09,16.06,16.2,16.99,-0.79,-4.6498,156187.84,255140.459
237,603138.SH,20220411,16.32,16.35,15.52,15.68,16.2,-0.52,-3.2099,97995.0,154721.332
236,603138.SH,20220412,15.78,15.96,15.48,15.84,15.68,0.16,1.0204,77688.0,122044.186
235,603138.SH,20220413,15.74,15.74,15.1,15.27,15.84,-0.57,-3.5985,62493.92,95994.087
234,603138.SH,20220414,15.55,15.66,15.25,15.33,15.27,0.06,0.3929,54957.97,84652.53
233,603138.SH,20220415,15.18,15.26,14.67,14.87,15.33,-0.46,-3.0007,60979.57,90920.101
232,603138.SH,20220418,14.69,15.08,14.43,15.06,14.87,0.19,1.2777,40992.0,60608.086
231,603138.SH,20220419,15.06,15.16,14.77,14.86,15.06,-0.2,-1.328,54900.3,81882.19
230,603138.SH,20220420,14.75,15.03,14.24,14.32,14.86,-0.54,-3.6339,67366.28,98469.768
229,603138.SH,20220421,14.11,14.31,13.38,13.4,14.32,-0.92,-6.4246,61162.48,84473.995
228,603138.SH,20220422,13.51,13.53,13.0,13.0,13.4,-0.4,-2.9851,61540.15,81204.539
227,603138.SH,20220425,12.76,12.81,11.7,11.7,13.0,-1.3,-10.0,74367.77,91063.298
226,603138.SH,20220426,11.67,11.93,11.07,11.14,11.7,-0.56,-4.7863,74104.31,85457.169
225,603138.SH,20220427,10.9,11.8,10.82,11.74,11.14,0.6,5.386,79845.68,90348.231
224,603138.SH,20220428,11.74,11.79,11.38,11.53,11.74,-0.21,-1.7888,45175.2,52259.932
223,603138.SH,20220429,11.76,11.94,11.46,11.77,11.53,0.24,2.0815,75240.26,88381.766
222,603138.SH,20220505,11.77,12.15,11.53,11.94,11.77,0.17,1.4444,63868.2,76374.938
221,603138.SH,20220506,11.7,13.13,11.03,12.58,11.94,0.64,5.3601,251773.64,319698.722
220,603138.SH,20220509,12.22,13.12,12.03,12.69,12.58,0.11,0.8744,248451.06,311094.432
219,603138.SH,20220510,12.28,12.91,12.21,12.79,12.69,0.1,0.788,132461.22,167522.145
218,603138.SH,20220511,12.91,13.81,12.9,13.14,12.79,0.35,2.7365,214600.8,286874.033
217,603138.SH,20220512,13.1,13.56,12.96,13.19,13.14,0.05,0.3805,104644.0,138455.309
216,603138.SH,20220513,13.31,13.36,13.0,13.15,13.19,-0.04,-0.3033,81898.46,107586.369
215,603138.SH,20220516,13.52,13.62,13.21,13.29,13.15,0.14,1.0646,77555.57,103787.885
214,603138.SH,20220517,13.39,13.43,13.02,13.3,13.29,0.01,0.0752,52626.0,69620.758
213,603138.SH,20220518,13.6,14.27,13.18,13.23,13.3,-0.07,-0.5263,141495.37,193508.035
212,603138.SH,20220519,13.04,13.34,12.93,13.1,13.23,-0.13,-0.9826,92057.0,120460.567
211,603138.SH,20220520,13.14,13.3,12.8,12.99,13.1,-0.11,-0.8397,94426.63,122536.395
210,603138.SH,20220523,13.08,14.29,13.02,14.29,12.99,1.3,10.0077,202326.61,277376.712
209,603138.SH,20220524,14.44,14.8,13.44,13.48,14.29,-0.81,-5.6683,250242.43,354144.752
208,603138.SH,20220525,13.46,14.19,13.38,13.77,13.48,0.29,2.1513,160441.75,219745.365
207,603138.SH,20220526,13.69,13.83,13.06,13.46,13.77,-0.31,-2.2513,131617.0,176148.178
206,603138.SH,20220527,13.43,13.59,13.07,13.2,13.46,-0.26,-1.9316,83336.0,110709.967
205,603138.SH,20220530,13.25,13.32,13.04,13.32,13.2,0.12,0.9091,67541.37,89016.811
204,603138.SH,20220531,13.21,13.3,12.71,13.25,13.32,-0.07,-0.5255,99428.6,129654.738
203,603138.SH,20220601,13.37,13.76,13.26,13.52,13.25,0.27,2.0377,99411.0,134184.382
202,603138.SH,20220602,13.48,14.87,13.36,14.87,13.52,1.35,9.9852,185076.16,262710.464
201,603138.SH,20220606,15.04,16.36,14.54,15.82,14.87,0.95,6.3887,358457.82,558153.791
200,603138.SH,20220607,15.52,16.6,15.51,16.3,15.82,0.48,3.0341,271236.41,437310.547
199,603138.SH,20220608,16.18,17.93,16.17,17.93,16.3,1.63,10.0,256432.62,451623.889
198,603138.SH,20220609,18.0,18.49,16.76,16.96,17.93,-0.97,-5.4099,304204.48,536803.998
197,603138.SH,20220610,17.18,17.65,16.77,17.13,16.96,0.17,1.0024,179888.65,308186.486
196,603138.SH,20220613,16.99,17.77,16.59,17.22,17.13,0.09,0.5254,214895.58,368801.65
195,603138.SH,20220614,16.8,17.32,15.61,16.22,17.22,-1.0,-5.8072,194824.03,318014.336
194,603138.SH,20220615,16.01,16.7,15.77,15.77,16.22,-0.45,-2.7744,147489.95,236985.478
193,603138.SH,20220616,14.19,14.19,14.19,14.19,15.77,-1.58,-10.019,30731.0,43607.289
192,603138.SH,20220617,13.1,14.0,13.1,13.85,14.19,-0.34,-2.3961,341448.87,462292.725
191,603138.SH,20220620,13.59,14.95,13.56,14.58,13.85,0.73,5.2708,245704.74,359086.894
190,603138.SH,20220621,14.44,14.81,14.19,14.33,14.58,-0.25,-1.7147,207379.5,300157.326
189,603138.SH,20220622,14.39,14.78,14.24,14.39,14.33,0.06,0.4187,144205.34,209636.171
188,603138.SH,20220623,14.87,15.08,13.99,14.21,14.39,-0.18,-1.2509,180975.45,260480.547
187,603138.SH,20220624,14.19,14.88,14.19,14.39,14.21,0.18,1.2667,154256.59,223683.518
186,603138.SH,20220627,14.48,14.49,14.13,14.17,14.39,-0.22,-1.5288,98836.67,140874.082
185,603138.SH,20220628,14.17,14.3,13.84,14.3,14.17,0.13,0.9174,108779.96,153507.824
184,603138.SH,20220629,14.3,14.44,13.75,13.8,14.3,-0.5,-3.4965,110834.29,156196.696
183,603138.SH,20220630,14.0,14.03,13.66,13.77,13.8,-0.03,-0.2174,69390.91,95635.987
182,603138.SH,20220701,13.79,13.93,13.51,13.62,13.77,-0.15,-1.0893,75296.84,102869.553
181,603138.SH,20220704,13.5,13.67,13.29,13.47,13.59,-0.12,-0.883,55941.82,75485.144
180,603138.SH,20220705,13.38,13.58,13.02,13.27,13.47,-0.2,-1.4848,76049.28,100445.25
179,603138.SH,20220706,13.58,13.8,12.62,12.76,13.27,-0.51,-3.8433,159579.04,208739.877
178,603138.SH,20220707,12.67,13.18,12.63,12.9,12.76,0.14,1.0972,71867.92,92377.935
177,603138.SH,20220708,12.81,13.39,12.79,13.12,12.9,0.22,1.7054,71275.56,93584.414
176,603138.SH,20220711,13.07,13.07,12.67,12.85,13.12,-0.27,-2.0579,45491.21,58248.651
175,603138.SH,20220712,12.88,12.89,12.45,12.55,12.85,-0.3,-2.3346,44853.95,56306.478
174,603138.SH,20220713,12.21,12.64,12.21,12.61,12.55,0.06,0.4781,45313.08,56773.714
173,603138.SH,20220714,12.59,12.85,12.4,12.56,12.61,-0.05,-0.3965,45004.0,56773.522
172,603138.SH,20220715,12.45,12.51,12.18,12.28,12.56,-0.28,-2.2293,53124.0,65595.997
171,603138.SH,20220718,12.29,12.56,12.29,12.53,12.28,0.25,2.0358,47996.6,59901.468
170,603138.SH,20220719,12.59,13.35,12.41,13.3,12.53,0.77,6.1453,123244.56,160390.719
169,603138.SH,20220720,13.56,13.69,13.25,13.35,13.3,0.05,0.3759,95110.65,127317.695
168,603138.SH,20220721,13.31,13.55,13.26,13.37,13.35,0.02,0.1498,62687.11,83948.017
167,603138.SH,20220722,13.35,13.43,13.0,13.19,13.37,-0.18,-1.3463,54477.24,71635.089
166,603138.SH,20220725,13.25,13.33,12.91,13.0,13.19,-0.19,-1.4405,37935.04,49463.513
165,603138.SH,20220726,13.0,13.65,13.0,13.52,13.0,0.52,4.0,104540.0,140376.432
164,603138.SH,20220727,13.47,13.94,13.43,13.5,13.52,-0.02,-0.1479,59921.03,81251.814
163,603138.SH,20220728,13.67,13.68,13.29,13.42,13.5,-0.08,-0.5926,66086.71,88762.426
162,603138.SH,20220729,13.41,14.76,13.3,14.76,13.42,1.34,9.9851,286406.74,410559.138
161,603138.SH,20220801,14.52,15.76,14.33,14.52,14.76,-0.24,-1.626,382683.16,575876.179
160,603138.SH,20220802,14.66,14.89,13.7,13.97,14.52,-0.55,-3.7879,264525.48,377948.892
159,603138.SH,20220803,13.94,15.37,13.91,14.9,13.97,0.93,6.6571,418882.45,615611.716
158,603138.SH,20220804,14.9,16.39,14.79,16.39,14.9,1.49,10.0,432830.52,672628.777
157,603138.SH,20220805,16.89,17.88,15.9,17.14,16.39,0.75,4.576,408332.87,693563.641
156,603138.SH,20220808,16.77,18.85,16.22,18.85,17.14,1.71,9.9767,327309.51,572524.323
155,603138.SH,20220809,18.0,19.32,17.62,17.75,18.85,-1.1,-5.8355,350570.41,637697.069
154,603138.SH,20220810,17.66,17.78,16.92,17.13,17.75,-0.62,-3.493,291552.69,504022.377
153,603138.SH,20220811,17.2,17.45,16.92,17.2,17.13,0.07,0.4086,174128.33,299194.767
152,603138.SH,20220812,17.16,17.57,16.78,17.28,17.2,0.08,0.4651,206232.03,355434.054
151,603138.SH,20220815,17.19,17.43,16.52,17.3,17.28,0.02,0.1157,182016.39,309432.692
150,603138.SH,20220816,17.1,17.68,16.9,17.58,17.3,0.28,1.6185,182105.76,317626.44
149,603138.SH,20220817,17.44,17.48,16.66,16.71,17.58,-0.87,-4.9488,180105.05,304611.285
148,603138.SH,20220818,16.89,17.27,16.17,16.95,16.71,0.24,1.4363,148824.62,252539.603
147,603138.SH,20220819,16.98,17.24,16.3,16.32,16.95,-0.63,-3.7168,137029.93,227337.162
146,603138.SH,20220822,16.49,16.76,16.01,16.4,16.32,0.08,0.4902,109095.6,179881.72
145,603138.SH,20220823,16.51,18.04,16.45,18.04,16.4,1.64,10.0,348407.6,618434.056
144,603138.SH,20220824,17.96,19.84,17.68,18.93,18.04,0.89,4.9335,516937.89,967275.661
143,603138.SH,20220825,18.65,19.14,17.62,18.21,18.93,-0.72,-3.8035,251934.31,459086.206
142,603138.SH,20220826,18.01,18.19,16.7,16.96,18.21,-1.25,-6.8644,223112.68,387620.501
141,603138.SH,20220829,16.35,17.22,16.05,16.83,16.96,-0.13,-0.7665,124573.34,208180.412
140,603138.SH,20220830,16.99,17.38,16.18,16.37,16.83,-0.46,-2.7332,108166.9,179874.508
139,603138.SH,20220831,16.55,17.1,15.84,16.04,16.37,-0.33,-2.0159,139850.4,229823.743
138,603138.SH,20220901,16.3,17.64,16.3,17.64,16.04,1.6,9.9751,198870.1,348758.257
137,603138.SH,20220902,17.68,18.6,17.33,18.2,17.64,0.56,3.1746,346081.4,622053.028
136,603138.SH,20220905,17.93,18.38,17.41,18.32,18.2,0.12,0.6593,205347.1,370210.685
135,603138.SH,20220906,18.33,18.69,17.7,18.26,18.32,-0.06,-0.3275,171544.93,312240.764
134,603138.SH,20220907,18.38,19.13,17.97,18.5,18.26,0.24,1.3143,210635.41,392209.24
133,603138.SH,20220908,18.35,18.42,17.59,17.88,18.5,-0.62,-3.3514,165311.71,296988.035
132,603138.SH,20220909,18.0,18.62,17.4,18.34,17.88,0.46,2.5727,157903.57,287807.281
131,603138.SH,20220913,18.47,20.0,18.05,19.25,18.34,0.91,4.9618,241256.25,458363.524
130,603138.SH,20220914,18.8,19.98,18.38,19.87,19.25,0.62,3.2208,247506.04,474168.676
129,603138.SH,20220915,20.0,20.86,18.58,18.82,19.87,-1.05,-5.2843,301617.31,600907.399
128,603138.SH,20220916,19.0,20.7,18.97,20.7,18.82,1.88,9.9894,260573.38,531931.875
127,603138.SH,20220919,21.07,21.85,19.9,20.71,20.7,0.01,0.0483,436216.33,911780.019
126,603138.SH,20220920,20.3,20.65,19.7,20.5,20.71,-0.21,-1.014,245524.62,494778.855
125,603138.SH,20220921,20.03,20.11,19.33,19.84,20.5,-0.66,-3.2195,162873.17,322008.353
124,603138.SH,20220922,19.48,21.79,19.35,20.68,19.84,0.84,4.2339,276439.71,575333.762
123,603138.SH,20220923,20.43,20.9,18.97,19.0,20.68,-1.68,-8.1238,198014.2,394689.818
122,603138.SH,20220926,18.95,19.5,18.4,18.57,19.0,-0.43,-2.2632,159368.17,300475.722
121,603138.SH,20220927,18.65,19.1,17.6,18.96,18.57,0.39,2.1002,180428.4,332955.841
120,603138.SH,20220928,18.6,18.85,17.4,17.4,18.96,-1.56,-8.2278,136544.06,244870.616
119,603138.SH,20220929,17.64,18.35,17.39,17.56,17.4,0.16,0.9195,128031.87,229062.769
118,603138.SH,20220930,17.4,17.8,16.78,16.8,17.56,-0.76,-4.328,89917.68,154484.337
117,603138.SH,20221010,16.8,17.52,16.45,17.2,16.8,0.4,2.381,118600.11,202487.192
116,603138.SH,20221011,17.24,18.21,17.18,17.89,17.2,0.69,4.0116,111202.87,197110.166
115,603138.SH,20221012,17.69,19.68,17.54,19.68,17.89,1.79,10.0056,207532.35,391094.368
114,603138.SH,20221013,20.27,21.65,19.85,21.65,19.68,1.97,10.0102,376914.38,801834.667
113,603138.SH,20221014,21.87,22.22,20.8,21.88,21.65,0.23,1.0624,353894.95,764476.628
112,603138.SH,20221017,21.7,24.07,21.7,23.3,21.88,1.42,6.4899,328263.39,759699.252
111,603138.SH,20221018,22.92,23.3,22.13,22.98,23.3,-0.32,-1.3734,205087.01,468795.297
110,603138.SH,20221019,22.66,23.62,21.92,22.98,22.98,0.0,0.0,210662.85,479369.971
109,603138.SH,20221020,22.99,25.1,22.6,24.05,22.98,1.07,4.6562,268813.5,641842.239
108,603138.SH,20221021,23.52,25.3,22.16,24.6,24.05,0.55,2.2869,267799.93,635319.479
107,603138.SH,20221024,25.1,26.2,24.59,25.2,24.6,0.6,2.439,239168.76,604770.826
106,603138.SH,20221025,24.51,24.98,23.41,23.69,25.2,-1.51,-5.9921,215882.21,518094.734
105,603138.SH,20221026,23.7,26.06,23.49,26.06,23.69,2.37,10.0042,198544.61,501287.008
104,603138.SH,20221027,26.91,27.0,25.61,25.75,26.06,-0.31,-1.1896,224128.52,587262.122
103,603138.SH,20221028,25.5,26.66,24.89,25.58,25.75,-0.17,-0.6602,168005.97,431574.51
102,603138.SH,20221031,25.48,27.89,25.1,26.18,25.58,0.6,2.3456,199572.29,532182.262
101,603138.SH,20221101,26.05,26.3,24.9,25.38,26.18,-0.8,-3.0558,166888.3,423812.459
100,603138.SH,20221102,25.25,25.25,23.9,24.87,25.38,-0.51,-2.0095,191326.95,470078.406
99,603138.SH,20221103,24.26,25.1,23.65,24.1,24.87,-0.77,-3.0961,177659.25,431117.905
98,603138.SH,20221104,24.49,25.8,23.75,25.04,24.1,0.94,3.9004,178837.55,440614.519
97,603138.SH,20221107,25.0,25.75,23.21,24.43,25.04,-0.61,-2.4361,182773.4,442422.482
96,603138.SH,20221108,24.09,25.25,23.92,24.94,24.43,0.51,2.0876,201980.35,499227.533
95,603138.SH,20221109,24.42,24.8,23.77,24.25,24.94,-0.69,-2.7666,129487.22,314122.477
94,603138.SH,20221110,23.78,26.5,23.77,24.63,24.25,0.38,1.567,207723.99,522047.016
93,603138.SH,20221111,25.1,25.28,23.13,23.2,24.63,-1.43,-5.8059,168938.44,404661.484
92,603138.SH,20221114,23.15,25.52,22.92,24.98,23.2,1.78,7.6724,222560.28,543507.353
91,603138.SH,20221115,24.8,27.48,24.55,26.29,24.98,1.31,5.2442,264032.97,698960.545
90,603138.SH,20221116,25.9,27.4,25.31,25.9,26.29,-0.39,-1.4835,151588.91,396722.512
89,603138.SH,20221117,26.08,28.49,25.14,28.49,25.9,2.59,10.0,215008.53,578568.192
88,603138.SH,20221118,28.02,28.22,25.64,26.0,28.49,-2.49,-8.7399,208932.19,565158.471
87,603138.SH,20221121,25.47,26.03,23.8,25.21,26.0,-0.79,-3.0385,200970.9,497140.993
86,603138.SH,20221122,24.85,25.04,24.06,24.24,25.21,-0.97,-3.8477,101316.66,248028.927
85,603138.SH,20221123,24.4,25.17,23.5,24.25,24.24,0.01,0.0413,100625.95,246367.931
84,603138.SH,20221124,24.25,24.65,23.5,24.26,24.25,0.01,0.0412,83789.44,201491.18
83,603138.SH,20221125,24.21,24.21,23.33,23.55,24.26,-0.71,-2.9266,68233.23,161249.673
82,603138.SH,20221128,23.02,24.28,22.77,23.6,23.55,0.05,0.2123,82491.24,195855.768
81,603138.SH,20221129,23.27,24.63,23.27,24.57,23.6,0.97,4.1102,108780.62,260064.983
80,603138.SH,20221130,24.56,24.56,23.3,23.44,24.57,-1.13,-4.5991,107570.01,253931.979
79,603138.SH,20221201,23.4,25.78,23.32,25.49,23.44,2.05,8.7457,201724.22,500212.608
78,603138.SH,20221202,25.03,26.07,24.81,25.06,25.49,-0.43,-1.6869,140535.97,356952.351
77,603138.SH,20221205,25.25,26.25,25.0,25.93,25.06,0.87,3.4717,107521.4,276595.044
76,603138.SH,20221206,25.8,25.97,25.0,25.41,25.93,-0.52,-2.0054,72812.12,185001.253
75,603138.SH,20221207,25.36,25.36,23.58,24.0,25.41,-1.41,-5.549,133624.11,322522.4
74,603138.SH,20221208,23.92,23.95,23.33,23.56,24.0,-0.44,-1.8333,62365.89,146936.646
73,603138.SH,20221209,23.44,23.91,23.21,23.65,23.56,0.09,0.382,54039.69,127588.399
72,603138.SH,20221212,23.75,24.88,23.6,24.45,23.65,0.8,3.3827,102259.39,249337.01
71,603138.SH,20221213,24.44,24.65,23.45,24.21,24.45,-0.24,-0.9816,72079.96,172657.318
70,603138.SH,20221214,24.0,24.8,23.58,23.7,24.21,-0.51,-2.1066,75932.0,183793.584
69,603138.SH,20221215,23.4,24.24,22.7,23.42,23.7,-0.28,-1.1814,78994.49,185264.611
68,603138.SH,20221216,23.2,23.2,21.89,21.98,23.42,-1.44,-6.1486,95985.14,215628.056
67,603138.SH,20221219,22.05,22.3,21.2,21.47,21.98,-0.51,-2.3203,60939.92,131508.359
66,603138.SH,20221220,22.27,22.59,19.82,20.41,21.47,-1.06,-4.9371,151265.61,311992.365
65,603138.SH,20221221,20.43,20.65,19.83,20.24,20.41,-0.17,-0.8329,81916.9,165295.543
64,603138.SH,20221222,20.17,20.49,19.86,19.97,20.24,-0.27,-1.334,48019.15,96562.446
63,603138.SH,20221223,19.7,21.05,19.7,20.59,19.97,0.62,3.1047,89174.93,183456.307
62,603138.SH,20221226,20.59,21.06,20.32,20.8,20.59,0.21,1.0199,57716.82,119907.267
61,603138.SH,20221227,21.1,21.45,20.42,21.0,20.8,0.2,0.9615,78206.23,163840.101
60,603138.SH,20221228,20.83,21.02,20.27,20.32,21.0,-0.68,-3.2381,63006.78,129328.924
59,603138.SH,20221229,20.37,21.18,20.1,20.38,20.32,0.06,0.2953,108709.73,225326.798
58,603138.SH,20221230,20.42,20.99,20.2,20.55,20.38,0.17,0.8342,84592.98,174773.938
57,603138.SH,20230103,20.67,22.61,20.48,22.61,20.55,2.06,10.0243,206687.42,450659.006
56,603138.SH,20230104,22.9,23.75,22.61,23.39,22.61,0.78,3.4498,213777.89,496064.993
55,603138.SH,20230105,23.29,23.97,22.73,23.69,23.39,0.3,1.2826,135455.88,318389.982
54,603138.SH,20230106,23.8,23.9,23.16,23.37,23.69,-0.32,-1.3508,82915.65,194285.352
53,603138.SH,20230109,23.4,23.62,23.11,23.3,23.37,-0.07,-0.2995,70675.84,165051.127
52,603138.SH,20230110,23.16,23.79,22.81,23.32,23.3,0.02,0.0858,69815.11,163222.713
51,603138.SH,20230111,23.3,23.32,22.32,22.35,23.32,-0.97,-4.1595,85520.19,193980.13
50,603138.SH,20230112,22.6,23.2,22.01,22.51,22.35,0.16,0.7159,86162.88,194229.412
49,603138.SH,20230113,22.51,22.65,22.02,22.26,22.51,-0.25,-1.1106,56690.94,125911.077
48,603138.SH,20230116,22.41,23.1,22.27,22.47,22.26,0.21,0.9434,79314.88,180133.032
47,603138.SH,20230117,22.45,22.82,22.06,22.18,22.47,-0.29,-1.2906,50696.51,113615.161
46,603138.SH,20230118,22.01,23.85,21.81,23.53,22.18,1.35,6.0866,147963.18,342685.542
45,603138.SH,20230119,23.51,24.8,23.23,24.24,23.53,0.71,3.0174,144795.92,351555.074
44,603138.SH,20230120,24.34,26.36,24.07,25.05,24.24,0.81,3.3416,150951.52,383376.853
43,603138.SH,20230130,26.0,26.0,24.3,25.75,25.05,0.7,2.7944,136030.43,346518.466
42,603138.SH,20230131,25.38,25.88,25.03,25.1,25.75,-0.65,-2.5243,83666.92,212486.162
41,603138.SH,20230201,25.05,26.2,25.05,26.01,25.1,0.91,3.6255,89842.13,230899.627
40,603138.SH,20230202,26.03,26.8,25.64,25.76,26.01,-0.25,-0.9612,89456.77,234231.457
39,603138.SH,20230203,25.71,27.28,25.3,26.81,25.76,1.05,4.0761,120640.89,317102.248
38,603138.SH,20230206,26.99,28.2,26.5,27.75,26.81,0.94,3.5062,159540.61,439058.87
37,603138.SH,20230207,27.3,27.38,26.0,26.22,27.75,-1.53,-5.5135,135995.75,360074.5
36,603138.SH,20230208,26.2,26.6,25.62,26.0,26.22,-0.22,-0.8391,83809.61,218502.322
35,603138.SH,20230209,25.55,26.59,25.42,26.33,26.0,0.33,1.2692,101866.14,265060.229
34,603138.SH,20230210,26.13,26.26,25.0,25.45,26.33,-0.88,-3.3422,129076.98,328587.423
33,603138.SH,20230213,25.08,25.88,25.08,25.31,25.45,-0.14,-0.5501,89330.46,226567.023
32,603138.SH,20230214,25.46,25.64,24.85,25.05,25.31,-0.26,-1.0273,59106.78,148711.822
31,603138.SH,20230215,25.1,26.4,24.9,26.18,25.05,1.13,4.511,165936.41,429672.59
30,603138.SH,20230216,26.0,26.93,25.09,25.38,26.18,-0.8,-3.0558,178710.16,463466.767
29,603138.SH,20230217,25.21,25.23,23.56,24.23,25.38,-1.15,-4.5311,152450.85,369131.703
28,603138.SH,20230220,24.48,25.18,23.98,24.93,24.23,0.7,2.889,89174.46,218838.921
27,603138.SH,20230221,24.94,25.15,24.08,24.29,24.93,-0.64,-2.5672,83197.81,203931.654
26,603138.SH,20230222,24.13,24.95,23.85,24.68,24.29,0.39,1.6056,109500.27,267155.627
25,603138.SH,20230223,24.68,24.68,23.58,23.81,24.68,-0.87,-3.5251,85581.14,205200.94
24,603138.SH,20230224,23.83,24.26,23.56,23.99,23.81,0.18,0.756,56137.0,134256.566
23,603138.SH,20230227,23.88,24.47,23.37,23.61,23.99,-0.38,-1.584,68063.0,162228.104
22,603138.SH,20230228,23.98,24.51,23.7,24.14,23.61,0.53,2.2448,97079.06,234129.086
21,603138.SH,20230301,24.15,25.2,24.08,25.02,24.14,0.88,3.6454,155176.99,385425.778
20,603138.SH,20230302,25.05,25.05,24.34,24.46,25.02,-0.56,-2.2382,93878.32,231193.038
19,603138.SH,20230303,24.32,24.43,23.51,24.29,24.46,-0.17,-0.695,86821.24,208290.393
18,603138.SH,20230306,24.2,24.84,23.85,24.5,24.29,0.21,0.8646,93391.83,227896.062
17,603138.SH,20230307,24.69,25.67,23.86,24.12,24.5,-0.38,-1.551,135191.66,333713.414
16,603138.SH,20230308,23.75,24.7,23.75,24.52,24.12,0.4,1.6584,101051.17,246873.337
15,603138.SH,20230309,24.52,24.65,23.71,24.02,24.52,-0.5,-2.0392,87371.43,210132.577
14,603138.SH,20230310,23.79,24.8,23.7,24.17,24.02,0.15,0.6245,101604.32,247843.485
13,603138.SH,20230313,23.76,25.4,23.53,25.4,24.17,1.23,5.089,168783.2,420200.526
12,603138.SH,20230314,25.2,25.22,24.3,24.66,25.4,-0.74,-2.9134,116617.01,288117.559
11,603138.SH,20230315,24.68,24.97,23.81,23.96,24.66,-0.7,-2.8386,93527.39,226525.372
10,603138.SH,20230316,23.8,23.88,22.16,22.36,23.96,-1.6,-6.6778,147704.81,336830.353
9,603138.SH,20230317,22.5,23.45,22.42,23.22,22.36,0.86,3.8462,116330.85,268822.281
8,603138.SH,20230320,23.88,24.12,22.5,22.67,23.22,-0.55,-2.3686,125208.9,290617.437
7,603138.SH,20230321,22.71,23.08,22.15,22.35,22.67,-0.32,-1.4116,117963.41,265510.983
6,603138.SH,20230322,22.46,23.23,22.19,23.05,22.35,0.7,3.132,104800.76,239305.146
5,603138.SH,20230323,22.84,24.86,22.67,24.81,23.05,1.76,7.6356,211054.13,508977.487
4,603138.SH,20230324,24.58,25.3,24.01,25.13,24.81,0.32,1.2898,179565.39,444817.622
3,603138.SH,20230327,26.32,26.66,25.0,25.54,25.13,0.41,1.6315,260264.5,673606.9
2,603138.SH,20230328,25.56,26.25,24.9,25.68,25.54,0.14,0.5482,179333.61,460203.276
1,603138.SH,20230329,25.6,25.64,24.38,24.76,25.68,-0.92,-3.5826,138086.04,344657.403
0,603138.SH,20230330,24.67,25.04,23.65,23.7,24.76,-1.06,-4.2811,142669.97,345809.144
